date,temperature,humidity,soil_humidity,ph,water_quantity
17/03/2022,113.13,92.27,54.46,3.47,304.01
20/06/2024,-8.06,25.19,37.9,11.1,10.99
26/07/2022,0.71,97.36,36.58,4.65,740.97
24/07/2024,-25.92,83.74,49.7,1.0,134.33
13/01/2022,11.76,55.94,4.01,5.19,716.37
28/07/2022,105.83,92.7,19.36,5.17,597.43
30/12/2021,39.17,31.59,78.63,6.41,509.11
18/10/2024,-19.51,34.87,65.68,5.86,694.88
06/10/2021,-4.15,66.58,81.77,1.76,804.04
06/08/2024,42.99,97.07,70.5,3.84,617.24
14/06/2022,103.48,24.99,79.06,6.93,899.51
15/05/2023,27.16,40.52,53.56,10.68,856.85
06/05/2023,-25.68,72.45,54.42,9.3,784.19
24/04/2023,65.33,73.35,86.91,10.57,331.39
22/07/2023,97.69,20.28,26.63,5.66,554.21
10/07/2021,83.85,10.1,54.69,13.35,10.89
07/12/2024,50.24,62.26,5.97,1.6,609.38
20/01/2021,72.16,79.84,64.28,1.51,773.13
16/05/2022,74.72,27.36,29.31,11.8,725.8
16/12/2024,99.15,43.13,77.98,2.64,433.0
16/12/2024,93.29,2.75,85.01,1.48,525.02
10/02/2023,42.48,4.58,92.35,8.12,103.85
19/05/2024,56.96,3.93,71.98,7.67,250.24
09/01/2021,89.94,41.36,29.07,5.49,440.37
11/05/2023,84.14,88.9,95.98,12.99,957.62
13/03/2024,64.1,81.54,50.29,8.73,14.42
12/08/2022,10.31,36.84,11.4,1.79,552.77
07/09/2021,34.61,43.62,95.97,13.43,371.81
16/06/2024,72.64,80.1,69.66,6.89,350.86
07/12/2024,5.19,24.93,57.32,8.56,812.16
05/05/2021,35.75,55.68,98.52,1.6,911.47
12/09/2022,65.96,62.4,65.32,5.01,289.71
02/07/2022,25.16,62.67,27.17,13.62,586.78
10/10/2021,-29.81,17.21,12.64,8.61,378.33
13/11/2023,46.2,72.69,78.3,0.62,944.69
04/12/2023,60.25,33.58,2.26,8.53,425.01
26/09/2021,-22.18,0.51,29.82,8.4,562.81
21/05/2022,72.26,42.59,92.04,8.12,873.49
02/09/2024,39.96,89.34,4.85,3.19,562.91
17/05/2022,57.78,70.14,81.57,11.0,704.82
28/03/2024,53.15,17.27,95.85,7.84,184.5
28/09/2022,60.82,50.76,65.29,2.0,477.32
07/08/2021,52.85,8.71,11.94,11.19,481.53
28/01/2024,102.98,28.26,55.94,0.25,914.4
23/06/2022,16.21,55.85,38.82,2.31,469.45
03/02/2024,18.84,96.69,68.02,6.04,184.53
29/05/2022,36.13,57.44,3.72,2.47,552.91
07/05/2023,96.65,22.6,60.76,6.47,804.61
30/05/2024,32.83,47.71,50.77,1.09,984.1
02/04/2021,45.54,37.03,42.26,8.95,282.4
14/01/2023,74.14,55.35,52.02,5.69,820.18
12/10/2023,-0.69,49.51,63.04,1.17,257.44
20/02/2022,112.39,75.02,8.51,4.13,855.38
13/08/2024,26.63,42.46,30.01,1.43,157.98
16/06/2021,-1.68,24.37,51.22,0.54,80.76
13/06/2023,37.87,34.7,29.21,9.57,136.03
01/05/2023,61.67,21.39,66.51,9.11,918.74
23/08/2024,104.47,81.53,89.24,9.41,874.13
13/07/2021,82.79,81.32,21.12,2.19,188.23
28/09/2024,19.89,8.05,8.16,9.02,727.74
22/07/2022,73.67,23.2,24.35,12.31,676.16
31/07/2024,8.0,12.78,6.01,13.35,401.87
09/04/2022,49.24,12.88,63.07,10.91,265.48
27/06/2023,-31.7,38.51,57.32,8.83,357.49
02/01/2024,34.87,96.43,63.54,12.93,243.86
17/07/2024,118.16,56.12,8.56,7.18,767.32
08/05/2023,63.28,24.34,8.45,12.01,397.13
04/07/2024,11.65,35.3,92.79,2.0,832.68
25/07/2024,41.57,17.89,91.48,6.54,664.08
10/09/2024,111.19,76.6,3.42,1.39,196.29
05/01/2022,102.91,73.81,34.57,9.52,594.54
29/07/2024,4.92,63.19,82.75,11.37,174.21
20/05/2021,3.46,59.87,1.45,9.57,181.92
15/05/2022,-14.38,36.65,71.82,5.73,397.5
20/11/2023,105.83,71.32,44.84,3.5,761.78
03/05/2021,69.67,14.35,24.48,5.16,917.05
22/04/2022,68.44,30.25,71.05,2.65,150.2
23/12/2023,70.1,21.86,92.49,5.4,473.86
25/01/2021,77.06,90.67,31.68,2.5,429.79
03/06/2022,35.85,71.16,63.46,5.73,112.78
02/09/2023,15.13,66.67,6.66,1.48,579.52
19/08/2024,43.06,23.94,3.82,10.63,576.0
26/12/2024,110.99,79.43,65.38,5.14,96.25
24/05/2022,64.01,36.66,34.53,2.64,849.4
21/04/2024,75.88,90.46,78.89,9.26,465.57
02/07/2023,-26.79,71.03,64.95,2.15,312.04
21/03/2023,103.01,38.85,98.8,7.85,573.11
03/12/2021,65.31,58.49,16.08,10.68,691.48
14/10/2024,84.94,19.32,44.37,4.74,832.79
02/02/2021,85.01,73.72,65.25,13.94,890.4
12/08/2023,-17.03,25.57,39.72,4.85,946.93
22/04/2024,7.69,27.9,78.47,8.89,159.06
25/01/2021,-20.09,36.8,9.77,12.59,119.23
16/07/2024,30.79,87.13,81.69,2.41,589.78
26/12/2024,36.57,73.17,47.73,1.26,592.67
05/05/2023,98.44,27.51,88.69,1.77,511.79
18/03/2024,112.14,10.03,0.23,7.84,896.0
31/01/2021,-5.17,96.38,69.37,10.47,573.62
06/08/2021,39.7,78.21,81.46,8.35,626.91
10/03/2024,-37.72,25.62,38.07,4.99,299.78
18/10/2021,118.76,71.05,81.0,3.36,224.19
14/04/2021,34.97,27.58,74.63,2.78,558.1
06/01/2024,75.05,17.54,63.48,2.49,728.57
24/09/2021,-19.21,83.22,24.89,6.34,557.9
08/09/2021,-17.53,48.7,77.47,8.63,722.09
07/10/2023,62.26,99.4,66.81,12.86,268.83
15/04/2023,62.66,94.19,18.52,1.74,316.41
29/09/2024,14.26,31.21,54.13,13.13,433.93
01/10/2024,-11.08,5.45,47.07,12.26,527.09
26/10/2022,24.02,14.85,30.03,7.59,485.71
16/03/2022,116.31,70.3,96.59,0.81,172.15
20/10/2022,32.49,30.09,54.8,8.07,452.87
14/02/2021,88.21,46.04,73.85,12.78,487.47
07/04/2021,41.51,63.12,0.91,5.23,106.6
08/03/2024,42.18,2.67,48.92,5.41,677.08
08/04/2023,96.95,48.47,13.84,5.54,797.59
25/10/2022,91.86,77.23,60.91,5.6,716.32
24/07/2024,98.96,30.76,14.23,4.38,473.86
24/05/2023,10.47,88.96,95.05,10.42,891.17
18/06/2024,22.82,85.04,93.62,5.09,203.1
17/09/2022,4.26,83.83,81.31,12.77,87.73
13/10/2024,105.81,72.02,27.25,11.62,67.8
27/08/2023,-3.8,89.37,76.57,10.92,677.84
29/07/2022,-12.53,84.51,71.02,3.12,721.23
12/12/2022,43.09,72.55,67.08,11.57,854.49
01/12/2024,2.61,80.25,73.21,5.3,308.82
07/06/2021,116.26,73.82,13.34,11.71,199.62
11/07/2024,-17.64,0.67,62.46,10.07,361.03
08/08/2024,6.0,44.1,56.98,4.08,327.13
03/03/2023,-22.88,44.04,73.88,11.79,548.18
08/04/2021,56.54,72.3,43.67,5.75,834.17
25/02/2022,39.7,77.43,62.5,4.78,375.28
23/06/2023,67.01,35.78,28.96,9.26,281.17
06/10/2024,73.89,64.07,22.32,12.13,6.64
25/08/2021,27.65,87.2,95.91,10.05,633.19
11/01/2024,25.48,50.75,84.94,1.44,405.07
28/06/2023,107.41,2.44,74.51,3.57,111.47
05/01/2024,99.78,20.62,98.01,7.37,740.57
28/01/2021,119.76,17.76,35.77,7.57,529.76
04/12/2021,77.96,53.47,12.0,3.11,768.74
29/09/2023,97.35,41.36,75.14,11.21,194.23
01/03/2023,59.56,94.66,92.88,8.05,211.92
19/04/2024,61.26,26.16,7.84,2.57,223.75
25/07/2023,103.58,12.5,77.39,4.09,198.28
15/08/2021,46.8,3.96,4.26,0.58,136.09
28/09/2024,79.82,36.47,13.66,9.26,175.26
20/09/2022,58.66,79.25,67.6,2.0,434.26
19/02/2022,-11.53,23.49,77.15,13.82,346.87
24/11/2023,47.48,42.16,80.21,1.87,249.51
09/09/2023,2.59,95.44,68.47,11.75,659.91
15/12/2021,51.95,29.22,77.21,9.15,912.51
17/01/2022,74.03,50.32,27.56,10.41,306.0
18/12/2023,86.68,96.53,11.91,13.73,114.1
10/06/2023,12.2,22.45,25.85,7.22,889.63
04/11/2024,99.6,11.4,13.89,9.13,56.35
09/12/2024,-19.15,68.4,17.8,0.96,272.92
02/03/2022,86.4,88.76,26.14,7.85,113.68
29/08/2024,-1.8,0.13,5.53,12.03,199.2
27/03/2023,33.88,48.92,54.9,4.63,453.25
07/06/2021,62.87,86.5,38.16,13.78,110.87
13/11/2023,69.62,74.52,16.21,13.3,888.15
23/11/2023,8.39,50.97,96.81,8.63,458.25
16/08/2022,72.88,16.31,34.9,5.47,918.85
10/11/2023,-14.15,88.44,38.56,1.7,635.34
28/12/2021,35.94,69.85,53.85,10.83,944.44
19/01/2021,94.64,48.87,95.22,8.31,781.72
23/06/2022,2.63,85.01,13.43,12.26,205.55
21/10/2023,86.89,83.06,69.99,4.2,434.34
17/10/2023,-15.75,66.47,52.19,7.66,544.09
23/04/2023,11.0,95.87,18.1,13.31,590.03
13/03/2023,68.95,98.82,20.88,9.27,387.88
25/06/2021,77.23,1.01,58.9,11.16,827.8
16/06/2022,89.65,1.78,24.23,10.37,669.55
30/09/2024,67.37,62.08,55.75,5.33,931.53
04/01/2023,40.53,56.0,4.93,6.89,140.97
28/12/2022,55.14,45.31,15.34,2.88,708.31
09/03/2021,4.26,81.41,73.7,10.81,601.41
28/11/2024,109.69,2.99,95.73,2.37,746.11
29/12/2023,107.32,17.22,78.02,1.04,128.5
30/06/2021,-10.84,13.19,50.84,13.0,57.21
03/02/2023,-7.11,23.24,51.2,6.17,367.34
03/04/2022,-25.71,42.04,29.53,0.29,338.32
25/12/2022,84.72,3.71,13.9,3.46,128.97
28/02/2023,-39.94,82.4,67.77,13.1,16.93
14/07/2021,-37.95,23.68,46.71,3.16,525.05
30/12/2024,3.7,79.95,34.55,4.0,337.9
22/04/2021,61.38,39.14,74.88,11.54,930.77
29/05/2023,-18.12,44.72,32.54,12.93,626.69
25/03/2024,41.2,69.31,60.26,6.1,958.87
10/09/2022,57.04,68.67,57.41,9.47,775.29
01/05/2022,91.93,84.05,4.37,5.96,801.43
27/07/2023,-30.03,46.13,89.29,0.87,257.87
14/06/2021,122.93,34.37,52.78,13.85,131.64
05/03/2024,9.83,27.46,35.52,8.25,251.12
04/03/2022,0.98,31.56,82.67,3.02,346.37
04/05/2022,79.33,12.85,85.84,9.31,685.46
17/09/2023,-26.11,82.76,13.94,10.86,605.68
17/01/2021,105.48,30.91,79.05,12.35,61.47
07/03/2022,75.32,87.69,30.65,13.93,330.45
21/02/2022,15.67,8.63,45.54,13.6,167.45
30/10/2024,49.71,65.07,19.61,8.93,743.61
23/04/2021,76.17,32.15,65.56,2.31,254.81
10/09/2021,37.26,41.09,70.29,3.68,162.82
09/07/2024,-26.03,16.73,61.98,5.66,419.38
05/03/2021,10.32,36.87,93.69,7.8,207.39
25/05/2022,115.14,76.3,40.98,12.46,987.89
05/09/2022,-37.16,80.71,5.49,7.61,519.38
05/01/2022,82.71,87.5,1.81,8.88,580.86
21/07/2024,-9.71,84.1,81.57,3.18,56.56
04/09/2022,-27.2,3.29,79.59,9.76,156.96
08/10/2021,19.67,94.64,33.28,7.77,90.93
28/04/2021,9.13,12.07,34.51,3.91,158.83
26/06/2021,79.68,21.03,63.52,7.8,648.08
31/03/2022,4.4,57.37,58.7,6.03,110.28
12/07/2021,116.42,66.68,9.74,0.54,557.31
07/08/2024,96.59,62.2,30.11,9.14,95.95
22/04/2022,50.41,39.94,79.43,13.94,447.2
30/01/2024,24.27,73.32,85.7,8.63,320.26
27/05/2023,32.09,16.98,28.17,12.43,302.12
06/12/2023,72.06,1.88,88.02,12.44,267.91
02/09/2021,50.48,99.58,0.92,10.2,513.76
07/02/2023,32.67,37.56,30.52,9.95,579.92
22/08/2022,19.22,14.99,80.37,12.67,808.22
07/02/2022,63.42,49.58,70.38,1.96,206.52
14/11/2024,22.64,17.08,57.59,12.11,484.79
18/03/2024,74.71,86.69,89.84,1.23,201.69
08/01/2023,-38.13,27.01,88.46,8.33,723.86
15/01/2024,7.79,8.61,64.32,12.35,910.09
29/04/2022,68.42,41.3,73.14,11.63,957.76
25/03/2023,-17.65,49.8,3.61,5.12,274.68
06/12/2024,-10.81,97.15,27.88,11.07,955.38
30/06/2024,73.42,55.13,68.91,3.7,192.91
22/05/2023,70.39,44.34,21.9,1.47,556.42
24/04/2022,35.91,1.34,51.41,7.16,678.03
14/11/2021,45.9,90.88,29.32,2.15,665.63
23/12/2021,38.51,98.41,16.39,12.51,888.56
06/01/2021,80.72,13.56,0.58,13.15,966.94
26/02/2021,71.5,60.76,53.6,10.39,732.36
28/11/2023,25.99,48.53,5.64,4.06,143.89
23/04/2024,-15.56,95.87,9.28,2.36,383.83
13/10/2024,70.01,81.64,88.96,4.65,149.26
28/06/2023,124.99,52.9,18.0,9.1,576.09
09/10/2021,113.17,39.57,47.32,0.65,609.7
29/07/2023,-29.42,3.3,93.18,2.56,672.58
01/10/2023,-2.34,90.36,51.58,13.67,691.45
03/11/2021,-7.65,59.91,73.71,6.28,257.98
13/10/2023,95.1,51.31,89.85,3.63,513.16
12/06/2023,12.34,86.32,30.64,5.83,959.61
16/08/2023,26.47,99.2,28.8,3.73,865.54
10/11/2022,-13.13,97.92,51.11,12.99,704.85
29/07/2023,39.29,55.95,69.5,5.46,272.62
27/12/2023,46.29,68.02,46.33,12.23,680.21
25/05/2021,86.34,6.57,4.82,5.45,699.32
08/11/2023,-30.94,85.97,71.36,3.32,729.19
09/12/2023,2.59,99.67,6.89,11.4,188.43
13/04/2022,111.42,74.46,4.74,1.74,82.42
30/09/2023,6.03,64.62,91.31,5.85,318.44
03/02/2024,44.99,61.18,33.9,2.62,115.15
25/12/2021,82.51,82.82,71.63,3.23,884.24
18/07/2021,-38.67,28.1,77.66,6.11,985.05
22/06/2022,-27.4,62.65,66.08,6.22,82.62
08/02/2021,62.28,15.27,19.72,4.06,897.64
23/07/2024,62.1,94.34,89.02,11.3,660.71
04/10/2022,-39.82,92.87,30.99,0.91,936.29
22/05/2022,-11.28,76.35,47.33,9.2,571.9
30/11/2021,19.21,48.85,75.75,0.47,196.41
09/07/2024,-35.59,93.03,70.51,12.12,353.81
24/03/2024,-31.04,39.46,74.96,11.82,756.05
20/02/2022,55.56,99.43,18.06,4.43,311.71
19/11/2022,80.91,55.03,60.47,2.24,744.42
14/07/2022,43.07,53.81,66.4,10.83,51.28
12/12/2024,58.84,47.15,14.13,1.38,826.43
27/08/2024,73.3,45.88,27.8,12.12,980.21
10/07/2021,66.25,89.02,28.17,6.23,837.94
21/12/2023,61.41,57.02,39.01,11.84,281.97
30/09/2022,18.07,59.0,42.11,4.56,4.62
14/04/2024,-39.91,99.15,65.83,4.59,277.86
05/11/2022,72.45,79.68,40.96,13.7,680.32
03/07/2023,-30.91,99.07,52.93,2.04,12.73
05/12/2022,110.49,24.23,76.19,2.65,599.23
11/02/2021,-39.55,52.44,43.85,4.45,929.78
14/02/2022,-12.36,54.67,98.21,1.42,201.44
03/05/2024,110.29,9.91,48.73,9.28,25.54
09/08/2022,-37.31,84.22,45.23,4.61,832.63
13/07/2024,92.75,81.37,82.54,2.32,293.42
30/01/2023,62.58,15.0,59.72,13.02,500.85
09/10/2023,-23.43,84.38,2.82,4.14,21.55
05/12/2021,59.27,31.65,15.77,12.61,774.63
03/11/2022,-10.19,1.0,4.83,8.41,761.71
12/09/2021,-35.87,47.99,82.48,7.03,2.7
04/09/2022,115.91,40.09,72.93,2.46,189.19
30/08/2022,7.93,10.67,41.47,6.13,795.21
01/12/2024,7.9,38.91,66.85,7.75,716.22
01/07/2024,72.79,53.77,15.48,5.83,571.3
03/04/2023,-37.93,18.92,90.01,9.95,382.14
25/02/2023,84.57,67.71,20.28,3.5,371.98
28/04/2024,52.74,68.65,65.99,11.95,494.73
15/02/2021,101.81,52.39,91.71,11.5,2.89
20/06/2021,124.11,64.64,59.46,8.5,790.6
23/03/2022,118.21,46.75,45.3,10.04,627.69
22/01/2024,110.77,63.06,45.84,7.01,773.66
03/11/2021,60.17,53.77,9.58,11.91,779.57
12/02/2022,107.85,89.92,8.69,8.25,392.51
12/06/2023,113.88,26.55,7.75,3.69,450.37
17/06/2021,69.7,17.95,75.29,0.99,295.16
31/07/2021,-9.88,7.64,33.29,3.77,515.71
24/04/2023,124.1,93.15,48.36,7.71,362.39
17/08/2024,105.36,17.35,52.99,11.49,425.97
27/12/2022,25.2,53.07,23.09,5.52,182.49
07/07/2021,103.73,3.18,59.36,0.33,491.63
13/08/2021,-33.11,84.72,32.24,10.57,449.99
05/10/2024,115.83,16.22,8.1,5.33,222.23
06/12/2023,59.81,40.81,80.47,10.1,520.75
27/01/2021,-35.23,71.9,21.68,12.58,767.27
21/03/2024,48.3,44.22,80.87,10.34,22.68
03/10/2021,36.43,2.33,57.19,8.8,463.67
10/11/2021,67.71,0.6,91.66,8.13,6.46
01/11/2024,115.15,18.68,10.2,0.36,449.25
07/08/2024,-34.1,59.01,92.3,8.12,115.96
21/04/2022,-35.8,28.46,54.79,8.35,558.3
25/10/2024,-11.95,64.56,93.17,13.56,820.58
04/03/2021,69.66,47.29,86.82,6.63,95.85
28/11/2024,94.73,99.7,52.39,4.97,872.83
08/07/2022,120.22,53.63,41.52,11.46,592.36
31/01/2024,78.67,2.45,31.52,8.91,618.74
14/01/2022,-0.15,8.8,67.07,5.96,489.42
30/12/2023,-22.25,45.21,41.44,5.49,337.62
02/03/2023,98.29,87.22,50.33,5.62,416.2
13/10/2024,58.35,65.97,3.74,2.3,503.92
06/10/2022,57.87,80.37,17.41,2.81,586.39
23/10/2021,57.02,62.63,74.4,9.23,233.34
14/05/2022,56.45,71.06,92.14,7.63,8.0
12/09/2021,60.62,8.9,16.54,0.79,771.36
24/12/2024,42.37,99.79,69.38,10.94,233.31
18/11/2022,0.5,57.49,54.03,6.51,967.07
09/09/2024,25.22,84.34,49.99,4.01,400.84
29/11/2023,-5.65,96.87,90.66,1.8,943.61
15/04/2024,37.75,7.94,40.81,1.04,130.21
13/03/2023,100.38,12.36,13.15,13.83,553.95
10/05/2022,-21.37,13.98,1.21,8.53,638.61
14/06/2023,109.55,15.13,6.72,1.84,780.16
03/02/2023,27.78,44.7,71.24,6.71,626.3
26/03/2023,66.15,8.33,86.53,2.88,184.17
02/05/2022,113.51,13.37,44.82,0.57,347.98
02/10/2023,96.57,28.96,42.48,0.3,118.47
30/05/2024,-39.63,23.79,17.19,4.21,336.07
02/06/2021,25.28,76.26,86.71,6.47,973.04
03/06/2021,64.74,64.62,72.24,4.35,121.94
06/03/2024,74.5,58.09,99.48,12.33,943.4
30/05/2024,18.71,15.31,90.62,13.67,483.84
01/03/2021,87.58,31.95,73.01,1.04,665.14
24/09/2023,45.46,89.39,40.37,5.49,886.26
21/10/2023,84.17,73.43,81.41,12.88,633.23
19/02/2023,52.84,19.39,0.94,10.06,393.28
19/09/2021,71.79,54.28,52.52,11.02,18.32
22/07/2024,-29.94,17.43,84.48,1.26,332.41
26/01/2023,107.6,70.42,8.21,9.22,982.55
20/08/2024,-32.26,35.61,48.62,2.41,555.33
20/03/2024,57.84,86.72,20.12,10.82,524.4
07/07/2021,71.42,20.93,91.53,2.34,778.83
06/08/2024,-16.66,59.8,11.85,4.8,626.8
15/12/2023,70.98,29.62,85.68,8.4,344.35
13/09/2022,-2.29,31.13,42.43,8.85,440.77
08/10/2023,65.95,34.9,40.46,7.55,582.15
12/03/2021,53.13,53.18,70.17,2.5,338.15
09/04/2021,16.4,0.97,34.83,3.75,619.82
26/03/2022,70.57,22.81,23.2,11.9,162.42
15/04/2021,60.27,72.44,50.61,3.37,527.52
20/04/2021,14.43,74.34,68.94,10.8,316.8
30/01/2024,6.97,2.08,31.19,12.99,463.82
06/09/2021,91.46,42.79,27.28,7.46,311.56
20/04/2022,-37.65,26.63,86.35,8.12,278.85
28/11/2024,79.77,31.19,69.36,8.63,234.56
02/03/2021,-4.68,83.66,76.44,12.97,525.04
04/02/2021,36.47,72.63,30.82,13.9,516.72
18/05/2023,36.98,53.32,68.6,1.04,66.41
02/06/2021,24.97,81.26,90.76,9.09,329.21
14/10/2022,4.81,98.99,29.45,1.24,935.8
04/06/2024,47.49,90.72,79.82,0.14,293.07
05/08/2021,65.08,85.39,3.53,0.96,881.52
02/03/2023,103.35,87.54,80.18,1.95,301.56
10/09/2022,75.26,82.69,83.18,4.73,712.67
31/08/2021,58.46,79.79,43.95,13.69,809.68
19/04/2023,26.74,57.93,71.16,12.71,968.38
07/09/2022,40.91,77.01,13.02,0.15,937.07
17/11/2024,106.56,87.35,57.03,11.91,156.18
09/01/2024,85.36,54.84,61.42,7.65,277.55
28/10/2023,74.67,54.01,28.81,4.72,900.8
02/12/2024,61.91,19.33,36.29,6.78,343.26
18/10/2023,-1.66,16.88,6.08,5.29,570.03
02/12/2024,-6.13,64.08,73.88,1.76,733.07
14/12/2022,79.65,92.64,92.05,6.58,156.74
02/07/2021,77.43,46.9,20.05,4.71,154.54
16/05/2022,108.76,6.94,11.05,2.81,864.62
15/08/2024,85.4,49.92,7.76,7.25,346.37
15/03/2024,73.23,94.73,25.27,6.39,556.05
03/09/2022,6.31,45.93,64.06,7.72,15.14
18/07/2021,86.72,39.12,11.74,8.53,480.85
19/04/2022,86.31,88.43,22.12,3.2,794.11
14/09/2024,54.42,56.4,2.76,10.73,187.94
10/11/2021,32.47,33.61,40.13,1.86,23.73
10/04/2021,85.98,73.94,10.62,9.85,82.11
29/12/2021,58.83,50.58,62.84,6.02,800.46
21/06/2023,-0.91,60.64,55.67,5.69,192.87
09/04/2023,-6.95,45.55,4.76,2.47,86.83
25/05/2022,82.14,92.68,49.03,3.92,525.28
05/02/2024,113.34,80.56,66.57,6.39,303.07
05/03/2021,-23.32,30.85,8.65,7.78,575.95
05/08/2022,-31.49,35.11,77.47,7.37,564.17
27/03/2021,51.62,49.53,0.79,12.52,112.67
23/08/2022,79.8,47.13,70.48,8.94,227.72
08/03/2023,-35.17,21.15,77.66,11.91,960.41
18/03/2024,62.73,49.04,65.05,0.02,755.81
14/07/2024,82.09,11.39,53.58,11.65,820.29
21/06/2024,-18.46,35.38,38.65,9.07,771.12
07/10/2021,49.7,66.25,44.8,9.5,782.6
11/10/2024,-16.15,90.9,79.32,3.34,153.06
08/09/2022,-9.25,27.07,86.35,2.79,395.22
17/07/2022,96.88,7.61,9.86,10.92,425.42
17/07/2024,74.64,89.16,27.83,2.33,58.41
10/02/2023,1.75,24.71,49.69,12.5,873.86
11/08/2023,88.42,73.35,33.96,5.04,938.76
25/04/2021,-4.05,82.43,32.28,13.48,636.74
13/06/2022,32.77,8.98,62.62,7.25,856.1
02/03/2023,32.99,17.36,14.42,1.77,396.66
13/06/2022,-24.48,9.72,50.77,5.7,21.65
07/03/2021,-11.53,24.08,16.48,5.01,865.41
21/04/2023,123.92,26.74,21.02,7.12,322.08
01/06/2024,60.99,16.43,29.41,7.04,220.96
21/12/2021,-16.63,65.21,15.18,13.96,370.14
11/01/2021,44.09,54.0,49.55,7.53,883.19
09/12/2024,-10.69,47.96,66.33,2.03,814.78
20/03/2023,87.64,48.17,74.9,13.67,980.24
29/11/2024,94.13,59.16,55.78,4.95,914.36
20/02/2021,115.08,25.72,3.0,0.29,690.33
22/05/2023,108.58,96.76,77.24,8.93,942.33
09/03/2023,46.95,0.5,18.26,1.49,772.6
27/01/2024,95.33,34.95,87.75,12.68,903.02
01/02/2022,121.12,70.03,22.46,1.97,639.91
26/11/2023,12.98,81.0,43.54,0.22,965.91
30/04/2024,68.93,59.96,18.41,1.69,662.77
03/04/2023,32.81,33.95,81.38,9.88,966.43
09/10/2023,-14.19,25.78,91.76,10.6,972.63
26/07/2022,113.19,39.61,70.41,7.53,150.0
27/06/2023,42.31,17.83,64.39,5.32,164.35
30/08/2021,24.07,28.81,43.33,12.64,990.23
31/10/2022,95.44,79.57,27.81,4.36,66.4
09/08/2024,99.65,38.38,36.85,5.2,988.86
02/02/2021,53.94,45.3,66.01,11.87,797.8
25/08/2021,2.61,7.15,84.3,8.71,476.14
22/12/2021,-13.1,12.16,6.5,2.99,511.89
01/10/2021,53.37,73.32,96.37,6.53,803.93
02/12/2022,81.36,92.71,36.71,4.45,71.31
03/09/2022,-24.99,20.22,64.78,5.44,291.01
11/09/2023,101.53,82.15,26.72,9.97,157.15
31/10/2023,-29.23,36.13,93.11,11.61,172.6
23/02/2022,100.53,45.25,8.51,6.15,358.89
13/08/2022,-39.67,10.17,89.31,12.35,612.06
15/11/2021,93.99,30.73,31.45,2.03,215.2
23/11/2022,113.96,32.46,50.42,11.31,973.64
04/11/2023,19.28,39.01,28.28,12.39,783.45
18/08/2022,81.35,3.37,62.77,1.87,761.05
06/07/2023,86.05,15.36,67.75,1.01,187.22
04/03/2024,84.9,67.23,60.05,8.13,882.83
07/08/2024,-28.83,95.76,69.36,2.51,937.61
31/08/2022,-28.33,92.35,85.09,11.26,417.54
20/04/2023,65.28,70.69,35.48,3.34,855.31
27/09/2024,69.69,25.27,50.79,9.94,907.43
13/10/2022,6.21,36.44,46.39,8.66,414.57
10/09/2022,42.63,71.71,29.69,4.45,407.32
27/01/2021,31.09,5.25,95.74,6.11,754.41
21/10/2024,-24.66,45.46,27.79,2.5,108.59
11/08/2023,16.55,36.56,8.68,2.7,167.14
20/06/2023,17.28,96.18,2.45,9.4,171.23
08/12/2024,48.47,92.93,54.46,0.74,564.89
15/05/2023,88.96,11.39,60.49,6.31,574.32
26/08/2023,13.1,19.19,77.19,10.61,348.19
31/05/2024,20.49,1.84,84.59,0.71,685.5
27/08/2022,-31.87,88.16,25.17,4.98,401.35
15/08/2022,113.52,99.21,74.85,2.27,893.58
10/09/2024,54.4,66.02,24.56,6.82,105.18
28/01/2024,-7.93,45.06,96.98,8.29,244.32
30/12/2022,38.37,38.67,16.54,2.73,496.45
29/12/2022,59.97,72.64,70.83,11.58,547.59
11/07/2024,52.43,10.63,40.33,0.22,45.36
13/06/2024,55.28,41.48,74.58,8.64,623.78
12/08/2022,105.26,64.53,55.81,11.72,857.59
16/01/2024,-7.37,74.37,98.99,2.99,232.75
10/06/2022,116.1,71.45,91.35,1.21,923.54
31/10/2022,124.77,15.31,10.92,5.02,988.09
24/02/2022,120.57,64.2,89.3,11.81,125.8
05/10/2021,73.7,18.65,77.33,12.86,81.49
29/03/2024,80.23,79.07,82.16,3.43,16.86
21/08/2023,81.05,98.67,81.66,9.47,824.7
22/01/2022,-16.08,67.32,34.26,13.11,288.33
17/09/2024,54.17,3.98,67.85,1.77,280.47
08/05/2021,-20.79,80.45,44.58,3.2,237.53
04/05/2022,58.15,37.47,62.48,2.02,530.79
01/06/2021,-34.53,66.06,55.05,7.08,236.77
08/02/2022,-36.28,25.47,65.68,8.39,421.66
31/08/2024,38.59,87.42,45.32,6.98,641.44
18/01/2024,59.75,38.52,32.99,6.84,923.71
11/05/2022,78.93,77.45,78.47,13.94,959.08
08/10/2022,83.12,44.04,44.31,5.39,243.75
09/08/2022,24.54,94.52,40.63,5.65,241.98
23/04/2021,-27.55,98.78,25.08,10.6,608.69
03/06/2021,69.16,81.94,85.33,3.65,629.76
18/12/2023,14.55,96.62,82.79,1.01,929.25
18/11/2024,86.39,21.53,94.22,7.81,600.48
02/01/2023,123.75,14.69,37.03,13.22,614.6
20/08/2023,10.98,97.44,83.77,9.81,843.34
31/08/2023,-20.67,63.59,92.31,7.94,188.27
18/04/2024,96.03,75.7,97.16,5.29,369.8
11/08/2023,80.9,90.04,67.45,5.69,330.44
03/10/2022,19.04,81.57,86.14,11.67,220.1
09/02/2021,120.8,18.57,74.55,4.48,639.47
11/10/2021,-24.17,1.64,10.85,9.67,661.36
16/03/2022,41.49,32.87,96.19,11.03,197.41
30/10/2022,108.35,92.21,84.68,12.36,756.28
27/04/2022,122.22,95.34,1.63,5.1,549.76
09/04/2021,47.5,55.9,27.93,3.69,223.39
07/11/2024,116.52,80.61,50.06,0.59,352.71
01/09/2024,27.57,9.66,65.27,0.16,240.41
12/10/2024,56.56,56.51,6.72,3.08,738.56
26/12/2021,45.0,91.19,21.87,9.92,758.86
08/04/2021,33.99,99.12,68.61,1.96,877.1
24/02/2022,87.38,16.2,58.31,4.19,943.36
21/04/2024,36.72,64.36,58.63,7.99,238.04
04/03/2023,-23.55,75.77,15.7,8.25,503.18
17/08/2021,72.41,57.29,86.48,0.81,342.65
28/06/2023,22.53,53.63,2.48,2.14,78.76
09/01/2023,57.19,90.06,46.02,3.05,397.34
16/06/2023,91.3,21.12,29.88,5.69,835.9
06/11/2021,59.7,99.87,82.93,3.26,648.22
16/03/2023,14.22,40.87,99.06,0.94,614.71
17/03/2023,113.71,71.25,81.37,4.18,852.01
08/06/2024,67.3,66.28,74.2,8.75,721.69
03/03/2024,-34.5,79.96,40.78,8.93,496.12
15/10/2024,103.49,96.08,17.23,8.59,168.59
01/04/2022,53.9,60.0,0.39,10.32,948.33
02/12/2021,-18.34,12.09,88.11,8.73,98.33
09/11/2024,65.34,63.1,93.3,1.54,105.65
11/11/2023,43.15,49.78,11.77,11.69,878.58
02/01/2021,38.03,23.22,21.47,11.66,577.9
24/01/2021,-6.33,35.26,57.95,2.46,477.06
14/08/2024,45.39,69.24,73.79,7.2,52.65
04/11/2021,-27.82,45.65,82.73,2.45,580.75
18/08/2022,-22.7,91.89,83.23,7.87,936.16
05/10/2021,-33.7,96.47,82.36,2.09,575.33
06/05/2024,66.38,95.84,71.57,9.88,723.05
19/05/2023,-13.83,55.68,47.86,11.57,197.34
23/03/2022,3.37,6.37,85.69,1.82,309.71
02/11/2024,27.09,8.64,0.73,12.94,719.89
01/06/2023,73.89,7.82,8.7,7.63,289.01
07/04/2024,122.36,62.67,97.62,9.18,733.38
22/12/2024,-8.9,79.99,3.99,7.34,903.29
04/11/2023,-26.94,89.13,59.6,13.76,63.68
27/10/2023,-21.41,70.37,17.46,9.67,498.4
13/04/2023,114.02,48.49,79.54,2.97,284.42
12/04/2023,-2.06,98.78,72.65,10.3,686.5
01/11/2024,34.16,9.8,35.5,2.44,379.22
23/05/2021,79.52,89.36,89.97,4.08,105.59
01/05/2023,-19.85,53.91,94.79,6.99,85.86
11/02/2021,-18.96,23.53,13.59,7.79,912.26
05/11/2021,56.81,60.6,67.65,2.68,932.92
25/05/2024,77.62,1.12,75.47,5.72,313.55
27/10/2023,34.15,77.47,71.65,10.39,335.9
23/02/2024,17.02,1.75,19.3,11.23,233.23
02/05/2023,63.67,78.19,27.81,3.72,351.92
26/05/2024,-35.28,7.61,64.16,7.31,406.5
11/12/2021,112.09,91.14,95.87,8.87,894.28
15/11/2023,50.93,80.5,26.56,12.41,987.77
20/11/2022,33.39,42.78,40.32,12.6,856.59
10/09/2024,6.77,12.16,67.92,1.12,58.89
17/05/2023,112.08,73.07,86.4,0.22,638.74
14/05/2022,90.28,63.29,15.71,2.89,604.98
09/02/2023,-33.65,92.42,57.84,3.51,624.14
21/08/2022,52.79,33.73,51.12,2.53,611.38
20/03/2023,43.61,50.75,14.7,3.71,632.73
13/11/2024,109.25,92.77,74.94,10.4,405.14
28/10/2022,16.41,94.78,0.28,7.6,697.75
25/03/2022,-37.49,92.12,40.67,8.33,316.71
13/09/2024,37.37,46.37,5.41,12.59,923.83
16/04/2021,99.03,4.5,1.03,13.86,312.86
10/02/2022,-39.03,34.33,24.62,0.18,459.33
29/11/2022,-6.06,60.62,95.09,6.99,105.03
08/03/2022,34.84,76.25,83.24,6.64,967.98
19/02/2024,100.87,23.07,23.68,0.47,257.87
17/11/2022,25.77,12.21,71.02,13.08,166.45
25/12/2021,115.16,79.87,56.96,2.75,430.82
02/01/2024,87.63,46.59,70.67,10.33,853.68
13/01/2021,-29.21,37.76,93.46,10.31,973.51
27/11/2021,57.97,97.76,66.13,0.71,967.92
26/06/2022,70.45,56.95,91.27,0.11,356.39
06/08/2024,79.8,2.86,69.63,8.19,456.39
03/07/2022,7.19,10.33,96.15,3.84,867.91
05/04/2024,90.39,61.46,83.73,6.76,712.55
30/06/2022,91.85,75.17,39.75,12.29,568.18
30/06/2024,5.79,73.62,89.22,3.69,93.06
15/06/2022,59.98,55.82,8.88,11.33,542.54
28/10/2021,89.84,24.36,69.71,1.67,622.42
26/09/2024,42.78,89.29,18.01,2.56,987.09
20/08/2024,-6.24,50.72,21.32,6.49,3.12
04/06/2021,54.61,84.24,94.61,2.53,269.67
27/10/2023,-2.42,15.31,68.91,5.33,134.23
26/02/2022,77.75,91.13,83.52,7.37,598.46
23/01/2023,8.23,46.55,55.13,2.6,327.83
04/09/2021,108.4,35.86,30.07,6.8,113.03
29/08/2023,66.39,7.31,4.65,11.9,96.52
24/12/2023,53.1,57.67,84.32,9.44,65.34
20/09/2024,-22.0,73.39,26.41,7.43,565.52
03/04/2022,41.03,60.17,54.3,3.59,520.51
07/12/2022,15.12,56.23,6.1,10.95,346.62
07/05/2023,2.15,43.7,19.77,1.96,817.5
23/02/2024,-17.98,19.44,60.97,6.91,309.38
18/11/2021,38.13,40.76,56.8,6.99,801.76
23/02/2022,-35.77,4.81,2.29,4.49,589.98
12/07/2022,6.81,65.22,18.02,3.19,935.0
27/11/2023,-18.58,1.89,33.59,10.94,335.49
05/11/2023,89.26,10.87,67.97,3.07,811.5
27/09/2021,22.25,17.66,2.26,0.26,222.92
10/03/2022,17.79,19.47,66.41,4.85,231.33
17/11/2022,2.43,28.56,48.0,9.66,473.75
31/05/2022,-22.78,82.99,83.54,1.97,78.15
06/01/2024,69.72,34.79,63.78,3.38,189.61
24/01/2022,-27.55,24.64,76.53,11.84,830.18
29/06/2023,-29.38,86.31,74.47,3.95,575.96
30/10/2022,-38.33,52.53,2.62,0.94,184.74
15/05/2022,73.81,90.8,37.99,10.88,286.31
06/07/2023,-7.48,40.51,13.79,4.21,746.01
20/02/2023,-25.76,8.11,89.27,10.06,228.9
04/12/2021,40.39,9.38,78.66,2.37,320.3
03/12/2024,45.57,22.27,17.17,4.53,412.68
27/12/2022,-36.88,92.74,66.77,3.29,339.75
02/08/2024,-7.03,40.37,58.24,7.33,944.02
13/05/2021,85.36,73.55,38.92,12.82,986.07
29/04/2024,87.66,63.85,81.86,3.41,189.39
19/07/2023,46.27,56.45,58.63,5.95,337.36
14/05/2021,-18.28,80.4,78.62,0.16,758.48
30/05/2022,-20.06,4.67,48.84,9.49,392.12
28/11/2024,-30.47,73.78,61.38,9.88,567.96
17/02/2024,89.97,7.42,23.62,5.27,517.78
27/04/2021,-21.04,90.62,17.49,0.59,938.31
26/06/2021,-30.73,52.74,14.65,3.08,15.08
16/05/2023,97.69,5.85,58.33,6.33,163.83
04/11/2024,65.37,80.83,73.86,9.21,431.25
15/11/2023,90.51,0.26,24.42,12.72,320.49
06/03/2022,53.57,91.24,50.74,11.6,533.33
12/11/2023,1.29,14.28,39.21,10.67,105.33
08/05/2023,70.73,79.73,2.87,4.27,497.26
04/09/2024,75.34,82.33,8.59,7.88,295.02
24/06/2022,113.89,94.56,59.18,3.04,772.01
14/03/2021,124.24,45.4,3.14,6.9,749.95
21/10/2022,12.6,43.46,4.1,7.71,455.66
21/08/2021,104.4,32.22,92.82,0.11,909.69
01/07/2022,-19.94,66.4,50.04,4.34,942.87
05/10/2021,-33.21,19.3,25.55,2.98,303.73
21/05/2023,2.67,40.81,42.31,4.33,384.58
15/06/2023,22.25,60.97,58.26,6.24,493.59
22/09/2021,-27.35,67.37,5.71,3.64,330.12
15/06/2024,18.76,1.6,60.22,3.63,515.4
20/11/2024,9.09,90.73,5.85,2.97,196.33
07/02/2023,6.18,21.42,84.88,5.03,102.48
18/05/2024,103.07,26.02,16.46,1.85,516.51
14/08/2024,2.42,95.84,73.25,7.6,471.8
12/05/2024,-5.3,38.04,49.19,3.69,661.32
03/08/2024,50.32,1.42,91.35,12.51,151.84
17/01/2021,61.41,57.64,66.38,1.54,769.23
30/05/2024,9.2,52.38,73.32,2.56,446.32
03/05/2022,69.61,84.31,12.4,12.56,78.01
07/04/2021,44.74,60.09,23.43,7.24,451.72
09/06/2023,121.65,45.35,75.57,4.48,604.16
03/09/2022,-38.32,46.54,84.7,3.95,315.3
24/09/2024,32.81,66.45,70.9,8.8,36.52
25/06/2021,69.57,18.6,42.43,2.54,66.97
21/03/2023,-23.01,8.69,97.06,5.14,964.62
26/02/2024,7.48,63.35,14.21,6.25,698.24
23/12/2022,80.28,44.81,46.65,11.37,15.88
04/12/2021,123.66,55.03,6.94,3.32,261.96
05/07/2024,-25.24,93.9,87.65,5.3,276.4
13/09/2023,92.08,83.43,13.64,6.97,268.0
24/08/2021,-21.18,19.25,66.47,8.94,983.22
14/06/2024,36.27,91.78,5.48,7.58,681.19
28/12/2023,-2.32,93.63,16.72,7.69,463.53
22/03/2022,26.69,50.51,98.88,3.82,530.86
17/12/2023,43.52,59.62,94.34,1.37,726.5
12/11/2024,54.22,76.99,30.1,10.94,873.37
27/02/2024,-1.51,5.45,69.85,5.47,533.71
16/09/2022,76.94,38.39,41.26,5.71,138.33
01/01/2023,93.94,76.09,68.83,6.69,449.92
06/10/2024,36.08,90.55,34.28,12.34,967.13
16/01/2021,-7.55,36.89,50.5,2.34,430.3
13/03/2022,64.09,7.64,99.61,6.22,851.8
02/12/2023,100.11,86.6,30.91,2.08,679.2
11/10/2024,-26.41,65.6,37.67,10.35,267.25
11/12/2021,24.01,65.17,16.4,1.34,841.0
21/02/2022,-6.65,40.98,64.35,13.48,315.56
12/01/2021,-29.48,94.12,35.68,10.12,970.43
10/06/2023,101.0,80.51,72.22,2.1,792.14
16/02/2024,98.24,66.89,24.22,7.84,12.6
03/10/2021,36.18,52.46,29.59,4.68,517.27
19/01/2023,53.95,17.57,44.03,2.17,243.94
31/08/2023,116.83,4.38,49.48,0.38,457.51
05/08/2022,114.3,39.52,9.81,13.34,747.77
03/03/2022,91.82,61.28,30.09,6.46,589.7
14/04/2023,47.01,94.41,97.48,13.66,791.1
11/03/2022,27.21,84.65,85.99,0.43,778.07
04/07/2024,71.95,87.2,56.88,1.88,640.18
12/10/2022,5.75,59.49,5.8,7.63,9.53
04/03/2023,58.94,23.49,66.48,3.36,916.02
22/04/2021,67.96,79.8,49.89,6.58,389.95
27/04/2024,118.19,25.56,38.45,12.44,487.03
21/02/2022,-32.18,78.54,97.94,4.2,915.23
27/01/2024,122.16,72.28,1.78,1.82,816.48
25/05/2023,118.86,22.93,82.16,7.42,134.96
06/09/2023,49.46,89.89,67.85,3.86,489.41
15/02/2024,-9.24,4.6,20.43,10.96,526.37
19/04/2021,46.76,29.77,79.59,6.13,640.64
03/10/2022,14.41,78.93,49.81,13.91,399.35
17/11/2023,64.76,39.78,29.62,4.79,285.39
20/12/2021,15.89,12.49,52.14,13.32,649.42
28/02/2023,-5.35,95.44,78.38,12.86,336.58
19/12/2022,10.79,73.52,6.62,6.16,954.7
24/07/2024,39.31,24.97,7.2,13.17,359.86
27/07/2023,99.91,34.9,83.0,10.64,87.51
07/09/2022,57.77,96.48,50.02,7.73,26.41
22/02/2024,33.79,22.39,92.27,12.51,395.76
19/10/2024,27.96,83.93,92.2,5.86,366.65
09/04/2022,11.52,23.88,6.33,4.76,438.02
24/08/2023,-36.24,7.49,68.65,2.94,872.13
30/07/2022,45.0,43.83,73.43,11.19,870.67
26/01/2022,2.81,63.78,0.89,12.56,531.62
13/08/2023,94.4,44.8,59.0,11.98,46.28
05/05/2021,80.16,98.71,91.04,3.88,375.88
21/04/2023,40.97,9.91,61.73,7.96,548.69
24/12/2022,-8.12,31.86,80.17,2.5,123.49
16/07/2021,99.24,43.08,77.58,0.72,222.62
30/06/2021,69.09,83.89,84.34,8.58,394.78
08/06/2023,108.9,18.38,87.7,10.11,974.8
24/12/2021,118.86,71.17,15.18,7.85,406.17
02/10/2022,49.37,40.95,31.25,13.94,947.43
21/08/2024,96.65,17.5,81.14,11.61,542.83
11/10/2023,98.39,17.23,55.95,2.27,398.43
30/08/2023,79.01,50.65,37.66,10.81,453.83
20/10/2022,39.42,53.45,19.5,11.71,113.78
07/03/2022,51.46,94.15,89.7,6.24,542.39
22/09/2023,103.7,79.21,66.89,7.1,73.44
14/08/2021,57.52,82.02,78.36,4.15,792.04
01/01/2024,43.05,72.57,73.15,3.41,532.3
04/09/2022,51.3,87.85,48.89,10.16,557.59
09/11/2021,-24.3,89.6,90.92,9.93,421.46
20/04/2024,92.46,33.36,25.51,11.9,489.02
06/03/2021,103.0,25.07,49.96,0.03,413.86
12/11/2024,39.81,74.3,68.31,8.7,188.16
27/01/2021,48.12,88.67,82.71,5.09,111.84
28/02/2022,-6.22,67.13,17.63,9.08,847.37
09/08/2021,44.06,56.26,89.02,7.22,349.77
25/03/2022,5.77,65.56,75.76,3.39,990.35
03/04/2022,14.94,75.26,96.6,0.39,819.1
19/03/2024,3.55,57.98,93.16,8.48,321.9
12/07/2021,84.39,95.08,36.9,11.57,549.62
20/08/2021,-35.45,74.29,76.64,0.91,936.62
07/06/2022,44.69,78.37,8.47,12.61,535.42
03/05/2024,78.24,6.26,57.25,8.8,863.02
03/10/2021,-35.67,52.76,17.96,9.98,865.7
09/04/2024,44.06,99.24,91.98,2.18,641.0
03/07/2023,74.14,16.5,57.25,4.41,382.62
07/02/2024,98.13,42.0,96.72,7.42,214.67
12/08/2023,24.05,40.86,92.24,7.12,80.72
08/01/2022,-3.42,65.59,73.12,10.24,771.89
09/04/2022,-31.77,30.86,93.47,9.62,719.65
03/09/2021,-37.79,97.57,78.83,3.94,644.18
01/10/2021,86.99,83.01,8.66,7.01,135.6
26/03/2023,-29.01,58.7,40.51,4.58,157.5
20/02/2024,-39.25,9.6,76.03,4.15,654.42
20/01/2021,82.9,46.36,62.96,5.27,598.77
14/11/2021,113.66,40.23,74.08,7.1,495.16
26/06/2024,67.1,57.3,91.72,5.09,784.55
10/05/2023,73.37,43.58,77.54,9.5,650.02
13/09/2022,61.75,93.73,91.25,6.25,892.6
17/01/2021,-25.01,48.26,84.99,13.97,695.97
08/10/2022,-17.83,66.38,60.26,13.55,580.71
06/10/2021,94.83,49.51,42.91,10.62,887.7
15/05/2022,-13.0,12.64,84.23,12.18,657.1
14/06/2024,50.32,78.45,81.72,12.67,215.43
11/09/2023,71.44,54.52,83.44,8.66,949.52
19/11/2023,-27.25,82.33,15.56,5.62,986.63
11/11/2021,50.56,33.56,44.89,10.15,526.24
29/05/2023,4.48,14.0,86.16,0.67,586.76
03/10/2022,-31.79,57.9,56.19,11.91,283.73
21/12/2021,-25.36,42.97,39.89,13.63,14.0
30/01/2023,9.93,46.28,89.12,1.51,311.66
08/03/2023,-0.46,75.02,5.83,8.29,147.73
20/02/2021,-27.26,76.82,59.38,10.37,760.81
15/12/2022,-14.57,18.52,1.75,12.86,828.15
27/02/2023,100.31,5.81,74.92,13.36,229.7
23/06/2021,92.3,60.5,74.37,11.64,997.77
12/02/2023,85.24,55.88,26.24,11.3,723.26
10/03/2021,-37.73,3.17,47.85,4.06,922.51
15/01/2021,13.35,53.13,44.52,7.71,350.89
09/02/2022,55.21,65.82,98.09,12.65,333.53
28/10/2023,80.76,94.44,32.15,6.49,752.06
22/11/2024,86.26,40.81,76.2,12.36,445.49
20/07/2022,-19.18,21.24,43.27,13.3,645.44
20/11/2023,7.99,65.93,9.73,6.78,675.7
26/09/2023,97.85,64.86,38.33,6.75,318.0
09/11/2022,-32.7,77.58,69.97,1.19,158.84
12/07/2021,-14.73,44.78,36.73,0.34,184.0
01/10/2022,86.5,45.24,15.78,13.27,620.5
09/03/2021,37.85,98.69,78.41,3.17,980.38
18/01/2024,-38.95,97.11,69.74,4.8,981.56
12/04/2023,98.6,68.97,75.37,4.73,982.21
21/09/2024,36.71,71.84,82.61,13.12,888.99
03/03/2021,-6.86,77.53,74.52,12.87,137.68
16/08/2022,40.66,80.93,52.59,1.51,528.18
25/02/2024,-23.65,89.26,91.53,12.08,130.35
22/08/2021,35.62,74.6,16.78,12.45,869.8
27/10/2023,-16.83,14.27,14.63,5.1,82.59
10/08/2023,27.54,19.76,71.19,9.77,410.89
22/08/2021,58.53,28.82,54.89,13.87,757.16
01/09/2024,109.28,2.31,32.69,0.34,658.27
16/11/2021,82.32,31.91,78.8,4.03,823.08
29/09/2024,18.45,68.3,87.23,0.37,69.68
28/08/2022,1.41,95.79,88.01,9.35,484.72
13/10/2021,7.37,10.07,32.92,1.03,365.85
04/06/2023,50.22,91.6,83.71,11.58,272.81
30/12/2023,-23.25,70.75,52.31,12.83,469.55
30/08/2024,1.91,23.84,99.19,13.55,220.92
29/09/2022,81.92,38.71,29.53,3.01,888.74
03/01/2023,113.78,58.6,12.73,6.77,869.83
25/12/2023,85.29,6.19,36.13,4.17,977.05
19/02/2022,102.18,84.69,10.06,4.2,520.35
13/04/2022,105.77,27.24,24.19,8.77,375.51
03/05/2021,108.86,39.96,89.14,7.86,915.05
11/11/2022,16.54,5.07,25.29,4.22,666.46
13/11/2023,21.76,28.17,94.06,11.45,503.16
26/07/2024,-33.41,43.03,32.25,5.54,882.98
28/01/2021,75.98,17.15,29.58,0.47,556.51
20/01/2023,-5.43,42.42,68.44,6.43,804.75
12/09/2022,-38.39,54.91,46.51,8.06,424.25
16/07/2024,31.92,43.9,67.36,8.45,456.76
02/06/2021,31.7,37.41,10.78,12.27,294.91
11/02/2021,114.96,20.03,95.8,11.47,215.58
25/08/2021,110.2,61.29,23.96,4.81,499.8
08/11/2024,11.83,8.56,90.44,10.86,666.56
19/03/2022,40.68,45.52,57.63,13.25,896.99
05/02/2021,65.01,41.77,85.78,11.48,407.44
15/04/2021,-30.19,25.86,99.92,10.64,114.5
13/07/2021,76.3,42.59,56.29,10.92,882.47
30/01/2024,97.44,26.84,35.55,1.16,44.54
20/09/2022,11.28,62.24,85.91,1.09,366.1
28/01/2023,113.51,70.2,54.81,1.68,175.93
29/04/2024,27.77,96.9,87.05,4.88,376.35
22/03/2022,80.63,53.97,68.21,11.66,917.42
24/07/2022,39.47,25.45,5.21,2.0,641.31
14/06/2022,-18.65,37.24,13.99,10.94,77.6
01/08/2022,22.3,3.92,36.51,10.78,894.97
03/12/2022,-28.67,88.97,18.36,2.61,819.29
08/10/2023,111.87,18.16,31.63,2.71,487.69
22/01/2022,122.87,26.77,57.33,9.68,189.52
19/06/2023,-0.31,81.79,75.96,1.89,500.17
21/07/2021,70.67,52.86,88.75,13.88,583.06
12/05/2021,61.34,52.33,70.94,9.67,257.18
13/09/2021,-2.41,57.66,52.99,9.47,352.63
28/07/2023,114.17,87.24,80.93,1.21,20.07
07/04/2024,-32.12,2.41,58.59,6.23,674.27
07/03/2024,40.53,61.52,4.27,1.78,272.02
21/04/2021,20.63,53.13,37.02,0.2,448.98
10/08/2021,122.18,9.11,40.14,4.08,645.33
21/10/2021,-16.85,13.24,81.12,12.99,983.3
23/03/2024,102.39,78.27,89.89,7.52,349.1
20/11/2023,4.3,19.16,92.9,2.6,554.88
29/07/2024,-23.52,15.1,48.23,7.23,180.43
14/10/2021,50.61,78.09,64.96,0.63,833.33
25/01/2021,24.42,78.71,12.72,13.18,816.26
18/06/2021,3.9,69.46,61.1,6.78,213.77
09/08/2022,104.49,53.38,39.77,4.1,201.52
12/07/2022,90.94,13.93,38.19,3.31,163.79
09/01/2021,-10.69,43.55,99.07,6.13,562.99
14/04/2022,-11.27,56.25,79.15,2.99,595.95
15/09/2024,-25.5,95.39,95.53,0.04,388.9
03/08/2021,117.34,95.03,41.63,7.04,781.46
08/11/2021,20.97,60.78,31.94,0.27,352.58
10/06/2024,0.71,26.98,90.22,2.01,732.84
29/09/2024,113.78,51.11,21.7,8.91,138.85
19/11/2021,-21.85,85.11,45.44,12.94,114.35
02/08/2024,96.06,62.8,43.05,2.93,859.23
01/02/2024,65.83,90.32,28.39,3.72,506.97
17/04/2023,-15.54,96.74,10.25,12.84,0.76
16/03/2024,94.29,14.26,50.88,8.83,535.45
05/08/2023,124.09,84.99,92.75,1.26,401.53
12/10/2024,29.01,85.98,23.81,1.46,644.15
14/03/2023,0.3,82.37,45.32,12.96,585.76
22/11/2021,84.02,65.06,38.37,4.85,722.84
01/04/2021,71.47,28.44,89.99,11.51,111.09
09/05/2021,69.86,32.37,78.99,2.55,985.18
02/10/2022,39.08,27.01,44.81,1.04,388.36
12/11/2021,105.55,93.27,53.16,4.52,957.15
09/06/2024,50.88,88.92,34.42,7.69,856.71
11/06/2021,77.96,44.66,85.39,2.98,458.79
17/12/2023,92.02,77.24,44.63,0.44,312.55
15/02/2024,91.93,66.25,33.52,12.15,499.92
31/01/2022,106.47,51.28,32.06,10.71,805.52
10/01/2023,61.82,78.32,60.68,2.15,424.6
29/05/2021,60.76,87.41,12.61,2.98,132.68
03/02/2021,19.56,84.71,42.48,3.25,115.86
02/07/2024,85.21,5.24,55.53,13.75,967.87
12/08/2024,50.37,84.89,78.47,12.34,869.88
03/10/2021,113.74,94.81,99.88,5.69,774.25
22/10/2021,67.09,63.05,78.49,0.73,677.34
31/03/2023,-26.96,33.6,30.59,2.8,641.91
16/05/2022,-17.03,46.67,6.2,8.13,345.85
20/05/2021,97.77,78.98,93.39,0.36,162.55
25/10/2024,51.63,37.2,89.22,13.62,366.78
28/10/2021,24.6,9.53,51.85,1.34,542.15
22/09/2023,-25.27,76.79,67.84,12.85,365.43
28/10/2023,111.1,63.24,86.23,4.78,463.99
11/06/2023,74.61,69.9,14.12,2.51,286.15
18/12/2022,83.63,96.76,7.4,12.72,989.83
06/03/2022,20.42,55.69,18.68,6.16,21.15
12/07/2021,122.24,40.83,79.52,4.1,222.86
08/05/2021,107.09,15.15,51.67,8.27,635.2
18/07/2022,10.84,86.88,88.25,11.72,373.43
04/08/2021,112.67,94.29,57.76,4.47,237.95
25/09/2024,102.45,31.16,27.77,3.1,848.4
10/07/2022,16.43,2.83,21.94,2.6,944.49
25/10/2022,-4.79,42.82,47.41,6.6,646.78
13/10/2021,-22.37,30.45,3.0,13.25,481.5
13/08/2024,77.46,2.88,94.42,12.32,63.65
11/12/2021,119.42,70.47,1.01,1.29,88.66
05/05/2021,-16.1,98.29,92.67,2.49,592.43
09/02/2021,48.62,5.31,72.03,0.68,684.29
01/12/2023,94.03,17.2,85.22,0.32,466.96
24/11/2023,27.45,72.37,32.23,10.04,196.4
08/10/2023,115.73,53.83,0.05,2.64,802.84
16/12/2024,73.2,52.49,93.05,4.14,891.14
29/07/2023,41.04,54.22,3.43,4.55,847.7
20/05/2021,36.43,89.09,55.34,0.26,102.51
11/11/2022,36.62,92.39,3.07,13.63,776.56
16/08/2022,-15.89,4.51,22.77,1.0,622.91
31/12/2023,87.62,4.03,28.6,8.24,775.89
12/04/2021,122.42,54.08,3.89,12.0,709.04
05/08/2024,109.15,99.36,69.39,13.72,352.02
06/11/2023,-21.91,38.79,24.67,4.38,113.45
24/03/2024,-6.42,39.07,62.13,6.23,518.65
04/08/2023,30.99,95.05,42.07,5.81,977.52
07/09/2024,120.99,38.46,57.46,9.88,478.06
29/07/2024,63.81,13.69,1.93,4.84,18.57
11/12/2024,-34.98,31.08,96.01,6.02,130.21
22/04/2021,35.31,68.91,99.3,4.76,962.64
02/10/2022,53.7,8.11,91.58,3.16,506.2
08/09/2022,-17.52,11.57,8.22,9.11,112.47
14/03/2024,70.18,18.96,98.76,3.59,839.59
03/03/2023,122.15,25.42,75.58,4.04,409.33
20/10/2022,-38.18,1.0,5.17,3.99,111.85
10/11/2023,60.86,59.21,83.71,13.72,834.59
22/04/2021,89.84,24.42,59.63,4.82,554.69
08/06/2021,96.82,38.03,57.94,3.98,556.56
08/11/2023,112.95,41.15,93.1,6.96,775.16
17/12/2024,49.37,53.35,94.19,12.71,854.38
22/04/2021,-4.59,4.85,28.38,2.14,638.05
27/07/2022,100.86,32.43,91.29,6.15,604.74
25/02/2023,16.97,43.1,73.7,0.11,90.41
03/06/2024,75.45,27.75,33.96,9.28,240.59
22/12/2024,32.85,48.03,14.68,9.34,937.09
19/02/2021,99.33,83.83,41.39,12.73,403.2
22/03/2021,19.07,54.24,47.56,9.44,548.41
29/04/2021,60.62,62.8,86.93,11.86,683.67
14/08/2021,76.71,24.39,16.73,3.43,713.3
31/12/2023,42.79,4.41,42.71,11.97,194.41
30/04/2021,109.02,89.91,16.92,13.36,217.49
05/08/2024,69.62,6.65,29.01,7.22,825.94
26/07/2023,89.55,84.22,48.15,6.38,414.19
10/09/2021,15.47,87.68,95.64,8.69,308.86
25/02/2022,117.24,41.06,93.84,13.23,459.66
06/11/2024,-33.43,2.88,62.37,1.97,155.49
22/01/2023,-12.03,0.24,73.04,7.14,593.91
25/11/2023,20.46,48.75,49.49,10.43,931.11
28/11/2022,70.93,71.08,61.56,13.19,942.49
16/02/2022,87.37,87.69,81.79,6.32,504.11
15/06/2022,-27.57,2.11,49.54,10.9,594.6
01/10/2022,0.91,76.33,57.44,6.91,435.26
19/10/2021,-13.21,87.13,25.38,6.03,68.07
04/04/2022,27.18,24.43,58.39,10.17,463.65
22/01/2022,61.96,34.01,85.84,9.12,315.65
09/11/2024,-39.45,81.51,75.62,12.77,576.44
30/03/2024,-1.95,35.59,47.19,0.07,290.82
21/04/2022,108.38,32.38,58.93,9.52,411.75
11/03/2021,43.19,76.58,8.87,12.49,909.22
24/06/2023,123.17,53.59,70.51,2.27,551.52
04/12/2021,106.69,80.36,57.73,1.39,304.68
22/06/2024,21.82,55.36,51.56,2.16,996.17
08/07/2022,8.07,50.94,64.04,1.57,58.29
02/05/2024,-27.23,30.96,10.42,8.48,27.63
30/07/2024,27.88,43.23,34.41,9.94,951.05
02/06/2023,4.34,37.91,78.47,10.33,298.08
17/08/2024,81.38,92.22,80.83,13.48,297.24
04/12/2024,91.75,70.9,44.03,1.17,516.8
13/04/2022,4.33,14.99,54.77,12.47,30.43
26/05/2024,84.68,17.39,76.83,4.47,575.08
